IDX,ID
0,Shoshana
1,Liandroa
2,Chavodelocho
3,Carrierwave
4,Bunny
5,SeraphicHawk
6,Nightgecko
7,EchoNinja
8,DragonFang
9,Yetiman
10,SolarStrider
11,Savare
12,Carbion
13,Miporroent
14,Panda
15,Illegalsaur
16,Bringitback
17,Katy
18,Sanitum
19,Beechoker
20,LunarLark
21,Earri
22,Nokomanida
23,Garmac
24,Nala
25,Silk
26,Ferael
27,SeraphicLore
28,Mhld
29,Velidrayda
30,Tinyursa
31,Bimu
32,Melann
33,Rhonus
34,Liant
35,Honorigity
36,Adriannos
37,Haavok
38,Overpiowered
39,Myrr
40,Fockewülf
41,Tessadin
42,Highill
43,Nightfire
44,Supertedd
45,Graysonw
46,Hygeiah
47,Dizzyizzy
48,Gabrielle
49,Hydrargyron
50,CrimsonHawk
51,Reavix
52,Gnomon
53,Darktalyn
54,Ravenskar
55,OceanBreeze
56,Dadauera
57,Bejah
58,Wuvs
59,Bllyna
60,SereneBreeze
61,Damarisalynn
62,Aeonian
63,Ogpapabear
64,Ukuf
65,Malilizi
66,Hodor
67,Lexiir
68,Vinzclortho
69,Zandragal
70,AmberFlame
71,Jagershock
72,Utopia
73,Frankyice
74,Nocturne
75,Hyunki
76,EmberPetal
77,Cyonicus
78,Belindra
79,RadiantAegis
80,Arigjumash
81,Duskranger
82,Stark
83,AstralWander
84,Esque
85,Aurora
86,StarDancer
87,Cenuij
88,Xleaf
89,Nadds
90,BlazeFury
91,Vanas
92,Beardown
93,FireWarden
94,Icecreambolt
95,Psych
96,Haiume
97,Corien
98,Grantaire
99,MysticGlider
100,Kitamor
101,Deathmaker
102,VelvetBreeze
103,Melisan
104,Sophie
105,Vellichor
106,Esrever
107,Mudohir
108,Kajoko
109,Lilgushy
110,Zephyrian
111,Ravij
112,AstralMystic
113,Demonicchoas
114,Adaren
115,Judekin
116,Bakatwa
117,Kupaloidzki
118,LunarQuill
119,Rufflebottom
120,RainbowWitch
121,Krakow
122,Velosify
123,Vicara
124,Kazooie
125,Darthzannah
126,Neoodragoon
127,Reddott
128,Abolita
129,MysticNinja
130,Eljee
131,Rexy
132,Helion
133,Chochem
134,Klausnomi
135,Fayia
136,Hestiall
137,Caedhros
138,Colossus
139,Revile
140,RubyRider
141,Skycaptain
142,Picoglad
143,RubyWing
144,Missymoos
145,Zaxvriin
146,Valokas
147,SilverWings
148,Whartonius
149,Peshari
150,Feralwarrior
151,Iziel
152,Mortalbane
153,Madness
154,Ruana
155,Striker
156,MysticFlux
157,Snigles
158,Garrett
159,Davilator
160,Halafax
161,Ignasio
162,Massx
163,Gammstein
164,Runicpower
165,OceanOracle
166,JadeWarrior
167,Vylinn
168,EmberDancer
169,Weatherworn
170,Saravian
171,Dirtyb
172,Charnelle
173,Tathlyn
174,Equinox
175,Linath
176,Jacyjace
177,Waytogoteam
178,Noctilucent
179,Kaalar
180,Jaheesh
181,MysticHunter
182,Sstormmy
183,Zanaa
184,Pendulum
185,EmeraldSword
186,Katsara
187,Calleigh
188,BlazeScribe
189,Hiddenfur
190,Rhelia
191,Shiryu
192,Catashot
193,IronDragon
194,Temparia
195,Squirrel
196,Baelof
197,VelvetShadow
198,Lysander
199,Spunkii
200,DreamCatcher
201,Barathiel
202,Shinyterp
203,Valendil
204,Xorm
205,Beringsea
206,Dubsterina
207,Kacelagrace
208,StormHarbor
209,Debz
210,Silvur
211,MysticNoble
212,EmberGaze
213,Insain
214,WhisperGlow
215,Arkona
216,Redeadx
217,Gildina
218,Evaalrisele
219,Elia
220,Kivarah
221,QuantumFlux
222,EchoPulse
223,Rudrac
224,Wytchwyld
225,WildStallion
226,Pokeygirl
227,Ofortuna
228,Necrofeelya
229,SolarScribe
230,Perillica
231,Xdoombringer
232,Holycast
233,Finity
234,Angekok
235,Karynos
236,Aether
237,Kylei
238,Tiusele
239,Badmunkay
240,Acheron
241,Arkwhelm
242,Felraiser
243,Icecarnage
244,Xenocrates
245,Mathfaar
246,JadeSerpent
247,Alamed
248,Kaiael
249,Almace
250,VelvetMoon
251,Halogenic
252,Zalisto
253,Gellehar
254,Enigma
255,Jenyavu
256,Droodfrak
257,Heavendawn
258,Syko
259,Holycal
260,Blaydon
261,Aduck
262,Kyzera
263,SilverRider
264,SolarEagle
265,Soeroah
266,Eriya
267,Moondrala
268,Kathonas
269,ThunderChord
270,Casteleiro
271,Miriska
272,Xiloscient
273,Zaeloc
274,Rawrbewbz
275,Zadai
276,Aetorus
277,Gorgrand
278,Ullwarth
279,Huntsey
280,Kittanya
281,loso
282,SilverArrow
283,Peenutbudder
284,Aust
285,NeonShadow
286,Erigan
287,CrimsonPetal
288,Crystallyn
289,Disorderli
290,SilverQuill
291,Narlis
292,Destromaw
293,Snoomp
294,SilverHaven
295,SolarQuill
296,GoldenHawk
297,Elderen
298,Utheli
299,Solestri
300,Demonsmain
301,Tyrent
302,Decreator
303,Maegyn
304,Yarini
305,ThunderFlux
306,LunarMystic
307,Bonappetite
308,Poella
309,Helix
310,Yozomoto
311,Bretok
312,Voxella
313,Roshni
314,SteelStorm
315,SereneHarbor
316,Lethras
317,Zandorra
318,CrimsonDream
319,Lockky
320,WhisperBlade
321,Kuup
322,Luxy
323,Mordrid
324,DuskSage
325,Erris
326,Gineo
327,Alathis
328,FireFox
329,Nyximia
330,EchoHarmony
331,Kamboozle
332,Labyrinthine
333,CrystalNinja
334,Vathan
335,Labyrinth
336,Luxetveritas
337,QuantumSage
338,Slavegirl
339,Budgy
340,Tifa
341,Cimmerian
342,Aspasia
343,Bubbes
344,Stickypriest
345,Stepdag
346,FrozenFury
347,Blimblam
348,Akira
349,Vani
350,Tortilla
351,Britag
352,Knewbee
353,Havc
354,Arch
355,Thalassic
356,Ozzroc
357,Ladybug
358,Stormeey
359,SerenePulse
360,Tassadaradun
361,SolarWander
362,Maximusrex
363,Scryers
364,Fendred
365,Zavyola
366,NightBlossom
367,Riverb
368,Mordicanta
369,Grumpy
370,EmberSerpent
371,Valtrexa
372,DigitalNova
373,Muridinnan
374,Penaloppe
375,Nycterwine
376,Azporispo
377,StormFire
378,SolarChant
379,VelvetChord
380,Icebankmyslf
381,Sinin
382,Daglon
383,Feistydr
384,Hiras
385,Elmorin
386,Bekstar
387,AstralBreeze
388,Sscree
389,Antakya
390,MidnightStar
391,SilverHawk
392,Veal
393,Graghlans
394,Locktar
395,OceanMystic
396,Lockael
397,CosmicSinger
398,Alaya
399,Prydeobrien
400,Chavirst
401,VelvetWhirl
402,Tary
403,Fiamma
404,Amyuwu
405,Tenebrous
406,Necrostic
407,Grimley
408,Omeguiz
409,Naturesstorm
410,Simonroe
411,Clovermoon
412,NeonStrike
413,IceLily
414,Limericks
415,Chirri
416,Aillana
417,Halín
418,Limpidnymph
419,Almetis
420,Phathead
421,Ephemeral
422,Paddingrat
423,Thechase
424,Winkle
425,Mugmanimus
426,Vohu
427,SolarSage
428,Sick
429,Brocknor
430,Lazulie
431,Yarro
432,Popsiclette
433,Glitter
434,Truest
435,IronSorcerer
436,Argushoof
437,Mocasan
438,Buffthis
439,Calyx
440,SereneHawk
441,Bloodrain
442,AstralDawn
443,Bogertus
444,Narcosis
445,Shatterskull
446,Grither
447,Ariestrasza
448,Eillaruaa
449,Amorfirion
450,DuskShadow
451,Caltince
452,Sookisooki
453,Lasrei
454,Armu
455,Happlo
456,Deanomac
457,Hallowed
458,EchoHarbor
459,Valhalla
460,Kupkaix
461,Impquisitor
462,Seraph
463,Rengots
464,Dragonfly
465,NightStalker
466,Valiant
467,StarDust
468,CrimsonTide
469,Tesserae
470,Chuckler
471,Amarillys
472,Happysmiles
473,Lilpeanut
474,Gustice
475,Lilyoptra
476,Cross
477,Starre
478,Runawaynow
479,Littlebigcow
480,InfiniteSoul
481,Doublehungus
482,Barinten
483,Zicia
484,Edlyon
485,Buckfum
486,SolarFlare
487,Alchemy
488,Kiwiaz
489,Bizron
490,Pyrrhic
491,Gazruk
492,Aurnhadon
493,Celestia
494,Brisdelle
495,Sookie
496,Onitenshi
497,Sanjira
498,Perigee
499,Elleryl
500,Pinksprinkle
501,VelvetMystic
502,WhisperHaven
503,Thndrwzrd
504,Amethyst
505,Danzig
506,RadiantGaze
507,Pila
508,Vandiel
509,EchoSerpent
510,Goyahokasinj
511,Diannthaus
512,Billym
513,Joybee
514,Grorge
515,Elision
516,MysticQuill
517,AquaStar
518,Scissorz
519,Drusilla
520,Aranax
521,Bachir
522,Tyranorr
523,Vargen
524,Cyvus
525,Stebahpla
526,Coolyfooly
527,Anay
528,Deja
529,Kathesara
530,Alleriya
531,Gragolf
532,Ibeambiggly
533,Luminous
534,AstralQuill
535,Twodogz
536,Mortalyse
537,RadiantMage
538,Mapinguary
539,EchoSorcerer
540,ThunderSage
541,Bombbay
542,Virilher
543,Uplift
544,Czaafum
545,Splunge
546,Kattak
547,Jezartroz
548,Soulwhisper
549,Gornish
550,Vivax
551,Balrog
552,Moonwarriorx
553,Jhpal
554,Onyx
555,Akyriss
556,Duckling
557,Stikman
558,Farling
559,Fynedge
560,Tsarevich
561,ThunderPulse
562,Celestial
563,SolarDream
564,Troyana
565,Mitnal
566,Apotheoun
567,Xaqueline
568,Kenerek
569,CrimsonLark
570,Deeptrance
571,Hakusama
572,CrimsonNoble
573,Ahriel
574,QuantumEagle
575,Nexus
576,EmberQuill
577,Scotlandthre
578,Gaerwen
579,Raladash
580,Florimel
581,WhisperCrest
582,BlazeQuill
583,Snooptrogg
584,Rachelmariet
585,Helvethet
586,Geigs
587,Beastforce
588,Pridesp
589,Aratea
590,Edmig
591,Kateley
592,DreamWeaver
593,Orpheus
594,ShadowRider
595,Cachandra
596,Samvimes
597,Aesculapian
598,Dravion
599,Dolphin
600,Mechazha
601,Bevee
602,Fortheglory
603,CosmicNebula
604,Insatiable
605,Miniegun
606,Zerkom
607,Paladinsane
608,Gaviin
609,Acnalogia
610,Dastard
611,LunaSol
612,Akiruwu
613,Aelwyd
614,Shichinintai
615,Catsclaw
616,Windbadger
617,SereneShadow
618,Wicks
619,EchoPhoenix
620,SereneHaven
621,Cyndee
622,Dratak
623,Bradybunch
624,Xenadra
625,GoldenSword
626,Chirrho
627,Abeque
628,Louane
629,Galis
630,Starscreamer
631,Jollakeratu
632,Nazz
633,RainbowDash
634,Speratus
635,Boodizz
636,Kolnevar
637,Dorkfish
638,Alahandra
639,Estelyn
640,Engelier
641,Dandrethe
642,MysticShadow
643,WhisperDawn
644,Ishano
645,Sweetipie
646,Puerta
647,Fozzle
648,Ishyorc
649,Luxie
650,Artemisha
651,SolarBlade
652,Deni
653,Kany
654,Llanthta
655,Alltreg
656,Arcannist
657,Garathor
658,Salacia
659,Feriah
660,Kiljare
661,Butterfly
662,Supernewf
663,Penumbral
664,Echelon
665,Hypnagogic
666,Krix
667,Ataxus
668,Moolos
669,Equanimity
670,IronPulse
671,Sharpbladez
672,WhisperChant
673,Reconbravo
674,Ryken
675,Hellhawk
676,Dangereux
677,Tuffbuff
678,Xanohuafrost
679,Quidamtyra
680,Feros
681,Murphymurph
682,Nebulosity
683,Zefaniah
684,Pharune
685,Nathure
686,Sydil
687,AstralSage
688,Dakhath
689,Mein
690,Migz
691,MysticOracle
692,Onruk
693,Dannyb
694,Debbee
695,Lamprae
696,Lonie
697,Eirchi
698,Cafelatte
699,Daygard
700,Elfzwolf
701,CrystalGem
702,Oraculus
703,Serrinne
704,Lomankha
705,MysticGrove
706,Senile
707,Derpshott
708,Hedgehog
709,Alogagain
710,Meggle
711,ShadowBlade
712,Stencil
713,Rootfifth
714,Darrio
715,Dridarok
716,DragonSoul
717,Xegrad
718,Camikins
719,Shaddai
720,Hypnagogia
721,Myfurion
722,Halcyon
723,Drezdt
724,LunarFlame
725,Marhault
726,Druelmaster
727,Rekarii
728,Judgment
729,Olrong
730,Starratiel
731,Davisprime
732,Dragonofdawn
733,Cyordin
734,Greef
735,Teeds
736,Lughnasadh
737,Xella
738,Kyrah
739,Preposition
740,Treborlock
741,Erzanna
742,NightRider
743,Vasqu
744,Chutput
745,Kaelei
746,Mattob
747,Sona
748,MysticLark
749,Delirium
750,SolarPhoenix
751,Soulofarc
752,SilverShadow
753,Poonty
754,Schnarf
755,Ragebringer
756,Tamiller
757,Revspriest
758,Sparks
759,Adalia
760,SereneChant
761,Animus
762,Lelian
763,Saylavee
764,StarSerpent
765,Ruckuspaw
766,Rizzard
767,LunarGaze
768,Altobeldin
769,Rakkamar
770,Euphoria
771,Opalurael
772,OceanMist
773,Aeristhyn
774,Teff
775,Creacher
776,Astella
777,Samalle
778,Downdraft
779,Ajester
780,MidnightOwl
781,AstralOracle
782,Otter
783,Erethian
784,Geilie
785,Terravolta
786,Devastata
787,Adorean
788,BlackOpal
789,Cynosura
790,EmeraldEcho
791,VelvetFlux
792,Amarelis
793,Melnarth
794,Umbral
795,StormLark
796,Taranani
797,SilverDream
798,Myleth
799,Copperlady
800,Tiste
801,Krispen
802,Wtbflecha
803,Caliginous
804,Calesta
805,Frodon
806,Skatejawn
807,Sinamara
808,Tristful
809,Jenilea
810,Zephyr
811,Thecheatt
812,SeraphicWisp
813,Chasity
814,Contentious
815,Cynosure
816,Silverz
817,Kroanen
818,Kelly
819,Velilanna
820,SilverFlare
821,Nightmehr
822,Tanizaki
823,IronHeart
824,Dartanian
825,Steelbloom
826,VelvetHawk
827,Joobie
828,FrostBlade
829,Orkney
830,Nalla
831,Kektonic
832,Fythra
833,SilverSage
834,Blassphamy
835,Shymary
836,RadiantLore
837,Cosi
838,EmberHaven
839,MysticFlame
840,Aarnold
841,Starship
842,Fred
843,Sikwit
844,Crimsonfist
845,Cannicus
846,Tundra
847,Liiukang
848,Khairis
849,Zephyy
850,Anderal
851,Sable
852,Xanthe
853,Xevious
854,Druiman
855,Redhakaider
856,Sareene
857,Haralambos
858,SilverLion
859,Lillabet
860,LunarKnight
861,Nimbus
862,Xerrus
863,Himnick
864,Sergyll
865,Crooked
866,Khaottick
867,Eliee
868,Opex
869,Hyperion
870,Radel
871,Mcdee
872,Elysium
873,Coldwind
874,Sanrr
875,Baddragon
876,Verdant
877,SolarWisp
878,Zieda
879,Jacbone
880,Seraphim
881,WildWolf
882,Manistas
883,Poggy
884,Eremeir
885,Toodarncute
886,Morhgana
887,Semi
888,Shmiles
889,RadiantHaven
890,EmberChant
891,Paloma
892,CrystalGaze
893,Singaporean
894,Persephonae
895,Skalard
896,Suction
897,Blatsphemare
898,VelvetCrest
899,Solstice
900,CrimsonWisp
901,Djanga
902,Urbanterror
903,Maraliss
904,Zagreus
905,Jane
906,Histamine
907,RubyFlame
908,WhisperChord
909,Isomer
910,SolarBurst
911,Kaarras
912,Julez
913,Koala
914,Meatycritz
915,SolarAegis
916,Noctusmirus
917,Pheiona
918,Podnov
919,Echidna
920,Kaiz
921,Ismara
922,Wrashis
923,Deathfier
924,Uivobranco
925,Dajango
926,Darkchoclate
927,Unrelated
928,Tyrrae
929,Boomboom
930,NeonPulse
931,Zebva
932,Zacar
933,CrystalQuill
934,Huntessa
935,Raei
936,Merydeath
937,Sylvean
938,Odyssey
939,SoulReaver
940,Drackulla
941,Diredeath
942,Ethereal
943,Solacia
944,Sanctuari
945,Blutalonis
946,Moondy
947,Elddib
948,Littlemo
949,Kovalenko
950,Kahzai
951,Lenakai
952,Honeystack
953,AstralLore
954,Necaro
955,AmberDragon
956,Zeraphole
957,Wazbuski
958,NightWhisper
959,Edwal
960,Tygarth
961,Khabul
962,EchoPetal
963,EmberShadow
964,Mughal
965,Solarica
966,Xygrith
967,Dakyras
968,Silverti
969,Tandarin
970,Puppy
971,WhisperWings
972,Gumber
973,Ashlynaa
974,Zurgzurg
975,Codiferous
976,Kheslah
977,Demodecus
978,Tolun
979,Solaris
980,Tominaetor
981,Spazzodrazzo
982,StoneHaven
983,Mechabeard
984,Osatox
985,Shibze
986,Tyklo
987,Loganp
988,Veridian
989,Baeldun
990,Zurgantha
991,Arny
992,SoulEclipse
993,ThunderLark
994,Torrero
995,Christiane
996,Kotaro
997,BlazeSerpent
998,Clefty
999,ThunderFire
1000,Gumpugh
1001,Blikeveq
1002,Akuria
1003,Valkyl
1004,Zodiux
1005,Kaisharga
1006,EmberWings
1007,Solivagant
1008,Messii
1009,Mart
1010,Oscassey
1011,Shelah
1012,ThunderQuill
1013,Santeclair
1014,ThunderFlame
1015,Teelo
1016,Kariena
1017,Bekha
1018,Alii
1019,Magetelum
1020,Wesmantooth
1021,MysticWarden
1022,Azzurus
1023,SilverNinja
1024,Stats
1025,Kitkathie
1026,Nomidian
1027,Friggencute
1028,SolarChord
1029,IronFist
1030,Happybunny
1031,Apostolic
1032,Roshinski
1033,Vortre
1034,Mavik
1035,Akaili
1036,Caladain
1037,Qyunessarian
1038,Rasik
1039,Pluvial
1040,Polychrome
1041,Kaiandra
1042,Bainepog
1043,Shadowind
1044,Karnage
1045,Mpsychosis
1046,IcePhoenix
1047,Froggy
1048,Matthew
1049,Grandecita
1050,Saintrita
1051,Krutz
1052,Shoogen
1053,Kitagawa
1054,Buuloki
1055,Prales
1056,ScarletSword
1057,Oculus
1058,Omuu
1059,Atkor
1060,Xylka
1061,Bignjuicy
1062,Barh
1063,Aribella
1064,Aevistine
1065,CrystalWave
1066,Despise
1067,Carena
1068,Architus
1069,Taras
1070,Emerno
1071,Draoi
1072,Deowulf
1073,Fleurdelys
1074,Quasar
1075,Milarose
1076,DuskFire
1077,Darknaga
1078,Mazyme
1079,Xanetia
1080,Drysua
1081,Frostomato
1082,Hippopotamus
1083,Adal
1084,Diaf
1085,Zebriel
1086,Celarena
1087,Wondercluck
1088,Trovyria
1089,Verdigris
1090,Xanadu
1091,NightFury
1092,Krystine
1093,LunarDream
1094,LunarSiren
1095,Tsuki
1096,Monotonex
1097,Bublenhearth
1098,Rethyn
1099,Aldai
1100,Stranko
1101,Beep
1102,AquaWave
1103,Bellandruh
1104,Stab
1105,Gungrir
1106,Zahliah
1107,Kronides
1108,Macstallion
1109,Selene
1110,Adrians
1111,Grangor
1112,FireWing
1113,LunarHarmony
1114,Ceasarsalad
1115,ThunderSiren
1116,Panomax
1117,Huegan
1118,Vedney
1119,Isobar
1120,QuantumNoble
1121,RadiantHawk
1122,Windfrenzy
1123,Ylrik
1124,Lunararies
1125,Lilah
1126,Melabrin
1127,Kitty
1128,Iskierkaa
1129,Zach
1130,Zukk
1131,RadiantBlade
1132,LunarWraith
1133,Helios
1134,Fuzzy
1135,Zenithal
1136,Jarah
1137,Lustrous
1138,Mogwaix
1139,Mistmoorex
1140,Iceshards
1141,Uster
1142,Promathia
1143,Durito
1144,EchoWings
1145,VelvetSiren
1146,SolarDancer
1147,Murkimus
1148,Galifen
1149,Drizzi
1150,SilverLily
1151,RubyRose
1152,Angered
1153,Nebulous
1154,Orphic
1155,Zephyros
1156,Rankhunter
1157,Fysk
1158,Shamdalorian
1159,Brucepain
1160,Trauk
1161,Nerilyn
1162,Sweetbippy
1163,Auríel
1164,Neytia
1165,Killaks
1166,DreamPhoenix
1167,Polaris
1168,Zarillion
1169,Quiescence
1170,Tharros
1171,Nebula
1172,Sefirot
1173,Darkossk
1174,Icesickle
1175,Sorim
1176,Littlepawz
1177,Gnomelock
1178,Centori
1179,Drewlynn
1180,Wyler
1181,Edaramar
1182,Ortho
1183,ShadowHunter
1184,Dropdot
1185,Seal
1186,Ravencat
1187,Valquirie
1188,Aeliora
1189,Klydasoreass
1190,Grami
1191,Jannic
1192,Cleoboltra
1193,Aeryzi
1194,SereneQuill
1195,DreamScribe
1196,Kelerenis
1197,Mirima
1198,Serephem
1199,Deikun
1200,Vexice
1201,Vavs
1202,Shintorg
1203,Ridley
1204,Smio
1205,Zulu
1206,Marzipans
1207,Arsoness
1208,Ethos
1209,Larlon
1210,QuantumWisp
1211,Saphanai
1212,Aldiron
1213,Tolkarkiller
1214,Zenurio
1215,Pufly
1216,Antediluvian
1217,Nemesis
1218,Zenith
1219,Mortpetit
1220,Serendipity
1221,Ritchehoof
1222,Umbrae
1223,Ripillica
1224,Columpio
1225,Jeackh
1226,IceGoddess
1227,Starlighter
1228,Mackenzie
1229,Mackhunt
1230,Nasty
1231,Gamma
1232,VelvetNinja
1233,Help
1234,Orcbum
1235,FirePhoenix
1236,Starrienight
1237,Baxal
1238,Moonlighter
1239,Hyrcyne
1240,Romalar
1241,IceWeaver
1242,Hecate
1243,EmberFire
1244,Pearlz
1245,AuroraSage
1246,Enkidu
1247,StormDancer
1248,SilverFox
1249,Mazzle
1250,Sartre
1251,Calindril
1252,Mojobeah
1253,Goldfish
1254,Quiescent
1255,Jolyne
1256,EmberBreeze
1257,Kaiyo
1258,ShadowWarden
1259,Brosum
1260,Prometheium
1261,Mikalas
1262,Deuux
1263,WhisperDream
1264,Heatersmorph
1265,Dgenerate
1266,Angercow
1267,EchoGaze
1268,PhoenixWing
1269,Adorion
1270,Faringray
1271,Mikor
1272,Crul
1273,Trelander
1274,Barlafumble
1275,Haruka
1276,Kerigann
1277,Turtle
1278,Vugnus
1279,LunarSage
1280,Zoddy
1281,Gaulish
1282,Aoife
1283,Arkeyz
1284,Anomaly
1285,Blackwarlock
1286,Stariane
1287,Praestoria
1288,RadiantSky
1289,Maelíosa
1290,Shundra
1291,MysticSiren
1292,Katokal
1293,Antihelena
1294,DuskScribe
1295,Rendfang
1296,Jolie
1297,Feythaline
1298,Lindela
1299,Clyder
1300,Equipoise
1301,Markie
1302,Aylethius
1303,Weirderbeard
1304,Surveysez
1305,QuantumPulse
